{"cameraMode":{"drawMode":0,"name":"Shaded","section":"Shading Mode"},"sceneLighting":false,"audioPlay":false,"sceneViewState":{"showFog":true,"showMaterialUpdate":false,"showSkybox":true,"showFlares":true,"showImageEffects":true,"showParticleSystems":true},"in2DMode":false,"pivot":{"x":422.6036376953125,"y":326.15777587890627,"z":-2.0606689453125},"rotation":{"x":0.011974776163697243,"y":-0.06445097178220749,"z":0.0007734050741419196,"w":0.997850239276886},"size":263.4382019042969,"orthographic":false}