{"cameraMode":{"drawMode":0,"name":"Shaded","section":"Shading Mode"},"sceneLighting":false,"audioPlay":false,"sceneViewState":{"showFog":true,"showMaterialUpdate":false,"showSkybox":false,"showFlares":true,"showImageEffects":true,"showParticleSystems":true},"in2DMode":false,"pivot":{"x":1.8803106546401978,"y":0.06000000238418579,"z":0.003848329186439514},"rotation":{"x":0.012603087350726128,"y":0.8546779751777649,"z":-0.5186097025871277,"w":0.020769590511918069},"size":0.1417744755744934,"orthographic":false}