{"cameraMode":{"drawMode":0,"name":"Shaded","section":"Shading Mode"},"sceneLighting":false,"audioPlay":false,"sceneViewState":{"showFog":true,"showMaterialUpdate":false,"showSkybox":true,"showFlares":true,"showImageEffects":true,"showParticleSystems":true},"in2DMode":false,"pivot":{"x":-0.0021820068359375,"y":0.0291748046875,"z":-0.01007080078125},"rotation":{"x":-0.0059587182477116589,"y":0.9298399686813355,"z":-0.3676217496395111,"w":-0.01506742462515831},"size":0.3990696370601654,"orthographic":true}